<?xml version="1.0" encoding="utf-8" ?>
<application
			type="server-application"
			xmlns:xsi="http://www.w3.org/2001/XMLSchema-instance"
			xsi:noNamespaceSchemaLocation="http://www.m-files.com/schemas/appdef-server-v3.xsd">
  <guid>33e7d26f-1fc8-4578-8975-d1f0e2df49f4</guid>
  <name>SmartFaceVaultApp</name>
  <description></description>
  <publisher></publisher>
  <version>0.1</version>
  <copyright></copyright>
  <required-mfiles-version>20.5.0.0</required-mfiles-version>
  <multi-server-compatible>false</multi-server-compatible>
  <extension-objects>
    <extension-object>
      <name>SmartFaceVaultApp</name>
      <assembly>SmartFaceVaultApp.dll</assembly>
      <class>SmartFaceVaultApp.VaultApplication</class>
      <installation-method>Install</installation-method>
      <uninstallation-method>Uninstall</uninstallation-method>
      <initialization-method>Initialize</initialization-method>
      <uninitialization-method>Uninitialize</uninitialization-method>
      <start-operations-method>StartOperations</start-operations-method>
    </extension-object>
  </extension-objects>
</application>
